Workbook

Sheet Milk losses
A1: days_from_gripa_diagnosis | B1: stayed_sold_died | C1: emmean | F1: Pre-average | G1: 7-day before loss | H1: Milk loss after diagnosis and before removal | I1: Financial loss
A2: -21 | B2: died | C2: 34.966181 | E2: Died | F2: =AVERAGE(C2:C15) -> 34.906073 | G2: =SUM(C16:C22)-7*F2 -> -47.719291 | H2: =SUM(C23:C37)-COUNT(C23:C37)*F2 -> -386.7876 | I2: =(G2+H2)*21.5/45.3592 -> -205.95377
A3: -20 | B3: died | C3: 35.59171 | E3: Sold | F3: =AVERAGE(C84:C97) -> 35.188622 | G3: =SUM(C98:C104)-7*F3 -> -44.274035 | H3: =SUM(C105:C127)-COUNT(C105:C127)*F3 -> -596.44053 | I3: =(G3+H3)*21.5/45.3592 -> -303.69502
A4: -19 | B4: died | C4: 35.636192 | E4: Stayed | F4: =AVERAGE(C166:C179) -> 37.599646 | G4: =SUM(C180:C186)-7*F4 -> -43.57013 | H4: =SUM(C187:C247)-COUNT(C187:C247)*F4 -> -730.72719 | I4: =(G4+H4)*21.5/45.3592 -> -367.01248
A5: -18 | B5: died | C5: 35.627572
A6: -17 | B6: died | C6: 34.884407
A7: -16 | B7: died | C7: 34.281478
A8: -15 | B8: died | C8: 35.216279
A9: -14 | B9: died | C9: 34.834361
A10: -13 | B10: died | C10: 34.021671
A11: -12 | B11: died | C11: 33.39924
A12: -11 | B12: died | C12: 34.576496
A13: -10 | B13: died | C13: 35.26041
A14: -9 | B14: died | C14: 34.852854
A15: -8 | B15: died | C15: 35.536165
A16: -7 | B16: died | C16: 34.974478
... A247: 60 | B247: stayed | C247: 26.193333

Sheet Headline numbers
B1: Conditional probability | C1: % above baseline | D1: Expected milk loss | E1: Expected replacement cost
A2: Dies | B2: =0.0667 -> 0.0667 | C2: =B2-0.0111 -> 0.0556 | D2: =B2*(-'Milk losses'!I2) -> 13.737116 | E2: =3000*C2 -> 166.8
A3: Sold | B3: =0.3291 -> 0.3291 | C3: =B3-0.0903 -> 0.2388 | D3: =-'Milk losses'!I3*B3 -> 99.946032 | E3: =1877*C3 -> 448.2276
A4: Recovers | B4: =1-B3-B2 -> 0.6042 | C4: NA | D4: =-B4*'Milk losses'!I4 -> 221.74894 | E4: NA
A5: Total | B5: =SUM(B2:B4) -> 1 | C5: NA | D5: =SUM(D2:D4) -> 335.43209 | E5: =SUM(E2:E3) -> 615.0276 | F5: =SUM(D5:E5) -> 950.45969 | G5: Per diagnosis
F6: =F5*776 -> 737556.72 | G6: Total herd

Sheet NASS
B1: Conditional probability | C1: % above baseline | D1: Expected milk loss | E1: Expected replacement cost
A2: Dies | B2: =0.0667 -> 0.0667 | C2: =B2-0.0111 -> 0.0556 | D2: =B2*(-'Milk losses'!I2) -> 13.737116 | E2: =I2*C2 -> 117.872 | I2: 2120
A3: Sold | B3: =0.3291 -> 0.3291 | C3: =B3-0.0903 -> 0.2388 | D3: =-'Milk losses'!I3*B3 -> 99.946032 | E3: =(1877+I2-3000)*C3 -> 238.0836
A4: Recovers | B4: =1-B3-B2 -> 0.6042 | C4: NA | D4: =-B4*'Milk losses'!I4 -> 221.74894 | E4: NA
A5: Total | B5: =SUM(B2:B4) -> 1 | C5: NA | D5: =SUM(D2:D4) -> 335.43209 | E5: =SUM(E2:E3) -> 355.9556 | F5: =SUM(D5:E5) -> 691.38769 | G5: Per diagnosis
F6: =F5*776 -> 536516.85 | G6: Total herd

Sheet AMS
B1: Conditional probability | C1: % above baseline | D1: Expected milk loss | E1: Expected replacement cost
A2: Dies | B2: =0.0667 -> 0.0667 | C2: =B2-0.0111 -> 0.0556 | D2: =B2*(-'Milk losses'!I2) -> 13.737116 | E2: =I2*C2 -> 125.32685 | I2: 2254.08
A3: Sold | B3: =0.3291 -> 0.3291 | C3: =B3-0.0903 -> 0.2388 | D3: =-'Milk losses'!I3*B3 -> 99.946032 | E3: =(1877+I2-3000)*C3 -> 270.1019
A4: Recovers | B4: =1-B3-B2 -> 0.6042 | C4: NA | D4: =-B4*'Milk losses'!I4 -> 221.74894 | E4: NA
A5: Total | B5: =SUM(B2:B4) -> 1 | C5: NA | D5: =SUM(D2:D4) -> 335.43209 | E5: =SUM(E2:E3) -> 395.42875 | F5: =SUM(D5:E5) -> 730.86084 | G5: Per diagnosis
F6: =F5*776 -> 567148.01 | G6: Total herd
